[{"Name":"Alice","Claims":[{"Type":"http://schemas.xmlsoap.org/ws/2005/05/identity/claims/nameidentifier","Value":"alice"},{"Type":"http://schemas.xmlsoap.org/ws/2005/05/identity/claims/name","Value":"Alice"},{"Type":"http://schemas.xmlsoap.org/ws/2005/05/identity/claims/emailaddress","Value":"alice@alice.com"},{"Type":"http://schemas.microsoft.com/accesscontrolservice/2010/07/claims/identityprovider","Value":"DevSts"}]},{"Name":"Bob","Claims":[{"Type":"http://schemas.xmlsoap.org/ws/2005/05/identity/claims/nameidentifier","Value":"bob"},{"Type":"http://schemas.xmlsoap.org/ws/2005/05/identity/claims/name","Value":"Bob"},{"Type":"http://schemas.xmlsoap.org/ws/2005/05/identity/claims/emailaddress","Value":"bob@bob.com"},{"Type":"http://schemas.microsoft.com/accesscontrolservice/2010/07/claims/identityprovider","Value":"DevSts"}]}]